{
    "images": [
        {
            "id": 1,
            "file_name": "1.png",
            "width": 334,
            "height": 500
        },
        {
            "id": 2,
            "file_name": "2.png",
            "width": 400,
            "height": 300
        },
        {
            "id": 3,
            "file_name": "3.png",
            "width": 650,
            "height": 400
        },
        {
            "id": 4,
            "file_name": "4.png",
            "width": 600,
            "height": 337
        },
        {
            "id": 5,
            "file_name": "5.png",
            "width": 650,
            "height": 400
        }
    ],
    "annotations": [
        {
            "id": 1,
            "image_id": 1,
            "category_id": 1,
            "bbox": [
                127,
                44,
                62,
                61
            ],
            "area": 3782,
            "iscrowd": 0,
            "ignore": 0
        },
        {
            "id": 2,
            "image_id": 2,
            "category_id": 2,
            "bbox": [
                137,
                67,
                42,
                36
            ],
            "area": 1512,
            "iscrowd": 0,
            "ignore": 0
        },
        {
            "id": 3,
            "image_id": 3,
            "category_id": 3,
            "bbox": [
                212,
                246,
                37,
                62
            ],
            "area": 2294,
            "iscrowd": 0,
            "ignore": 0
        },
        {
            "id": 4,
            "image_id": 4,
            "category_id": 4,
            "bbox": [
                59,
                244,
                35,
                68
            ],
            "area": 2380,
            "iscrowd": 0,
            "ignore": 0
        },
        {
            "id": 5,
            "image_id": 5,
            "category_id": 5,
            "bbox": [
                52,
                17,
                206,
                476
            ],
            "area": 98056,
            "iscrowd": 0,
            "ignore": 0
        }
    ],
    "categories": [
        {
            "id": 1,
            "name": "Coverall",
            "supercategory": "none"
        },
        {
            "id": 2,
            "name": "Face_Shield",
            "supercategory": "none"
        },
        {
            "id": 3,
            "name": "Gloves",
            "supercategory": "none"
        },
        {
            "id": 4,
            "name": "Goggles",
            "supercategory": "none"
        },
        {
            "id": 5,
            "name": "Mask",
            "supercategory": "none"
        }
    ]
}